{"_timestamp":1.7477540152313654e+09,"_wandb":{"runtime":424},"total_flos":6.055350239232e+15,"max_memory":5.3,"train/loss":1.6775,"train_steps_per_second":3.557,"training_time":422.0938124656677,"final_loss":1.792617197672526,"lora_r":256,"train_runtime":421.6519,"train/grad_norm":0.7021116614341736,"train_samples_per_second":14.23,"train/num_tokens":688172,"train/mean_token_accuracy":0.6490922176837921,"train/learning_rate":3.3333333333333334e-08,"train/global_step":1500,"train/epoch":0.29964043148222136,"_runtime":423.546412788,"_step":16,"train_loss":1.792617197672526}