{"train_loss":1.7998477071126302,"lora_r":8,"train_runtime":397.3805,"train_steps_per_second":3.775,"_wandb":{"runtime":399},"train/num_tokens":688172,"_runtime":399.040125423,"training_time":397.61655592918396,"max_memory":4.9,"train/mean_token_accuracy":0.6477570390701294,"train/grad_norm":4.075489044189453,"final_loss":1.7998477071126302,"train/epoch":0.29964043148222136,"train_samples_per_second":15.099,"_step":16,"train/learning_rate":3.3333333333333334e-08,"_timestamp":1.747753177818378e+09,"train/global_step":1500,"total_flos":5.605989285888e+15,"train/loss":1.6854}