{"train/epoch":0.29964043148222136,"_step":16,"train/loss":1.6771,"training_time":405.68325757980347,"_runtime":406.996676391,"train/grad_norm":1.0079602003097534,"train_steps_per_second":3.701,"max_memory":5.1,"_wandb":{"runtime":410},"train_samples_per_second":14.803,"_timestamp":1.7477535869574964e+09,"train/learning_rate":3.3333333333333334e-08,"train_runtime":405.3127,"train/mean_token_accuracy":0.649434381723404,"train_loss":1.79196728515625,"lora_r":128,"train/num_tokens":688172,"total_flos":5.823422005248e+15,"train/global_step":1500,"final_loss":1.79196728515625}